code_article,depot,quantite_stock,date_maj
ART027,DEP_VERNOUILLET,341,2019-01-01 00:00:00
ART038,DEP_OUEST,403,2026-01-21
ART092,DEP_OUEST,666,2025-09-08
ART052,DEP_OUEST,763,2025-05-28
ART064,DEP_VERNOUILLET,207,2024-06-18
ART054,DEP_OUEST,748,2019-01-01 00:00:00
ART030,DEP_CIEL,696,2026-01-29
ART060,DEP_VERNOUILLET,323,2025-11-27
ART019,DEP_LIMAY,479,2025-05-26
ART062,DEP_GRAULHET,709,2026-03-14
ART068,DEP_CIEL,541,2024-11-25
ART005,DEP_GRAULHET,227,2026-01-17
ART098,DEP_VERNOUILLET,499,2024-12-21
ART015,DEP_OUEST,187,2025-08-16
ART025,DEP_GRAULHET,437,2026-03-06
ART015,DEP_NORD,652,2026-05-22
ART025,DEP_CIEL,519,2026-05-15
ART022,DEP_GRAULHET,770,2025-04-03
ART015,DEP_GRIGNY,137,2026-01-25
ART043,DEP_NORD,367,2026-05-02
ART022,DEP_LIMAY,188,2026-03-19
ART083,DEP_GRAULHET,300,2025-05-27
ART038,DEP_GRAULHET,464,2024-09-19
ART090,DEP_GRAULHET,-372,2025-11-05
ART033,DEP_AVIGNON,82,2025-07-17
ART017,DEP_VERNOUILLET,59,2024-10-10
ART023,DEP_VERNOUILLET,736,2026-01-01
ART054,DEP_GRIGNY,328,2025-06-14
ART098,DEP_GRIGNY,784,2025-01-15
ART059,DEP_NORD,319,2024-12-22
ART036,DEP_VERNOUILLET,457,2019-01-01 00:00:00
ART013,DEP_GRAULHET,4,2024-08-03
ART029,DEP_GRAULHET,84,2025-03-27
ART047,DEP_AVIGNON,499,2025-10-01
ART063,DEP_GRIGNY,327,2025-09-06
ART034,DEP_CIEL,224,2026-01-27
ART999,DEP_VERNOUILLET,548,2025-03-20
ART042,DEP_OUEST,100,2026-03-04
ART092,DEP_NORD,471,2024-07-05
ART018,DEP_GRAULHET,245,2025-06-30
ART038,DEP_CIEL,325,2025-10-26
ART020,DEP_CIEL,574,2024-11-13
ART042,DEP_VERNOUILLET,395,2026-01-16
ART009,DEP_AVIGNON,645,2024-06-29
ART057,DEP_NORD,297,2019-01-01 00:00:00
ART079,DEP_OUEST,729,2024-07-20
ART019,DEP_LIMAY,683,2024-10-05
ART094,DEP_OUEST,558,2025-08-17
ART100,DEP_GRAULHET,110,2026-03-10
ART061,DEP_GRIGNY,672,2019-01-01 00:00:00
ART003,DEP_GRIGNY,710,2025-08-07
ART030,DEP_GRIGNY,226,2024-07-27
ART065,DEP_VERNOUILLET,297,2025-04-10
ART050,DEP_GRAULHET,672,2025-03-05
ART079,DEP_OUEST,165,2024-11-24
ART083,DEP_AVIGNON,40,2025-05-12
ART014,DEP_GRAULHET,723,2025-07-23
ART097,DEP_AVIGNON,310,2025-04-12
ART009,DEP_GRAULHET,701,2025-03-08
ART055,DEP_OUEST,334,2026-03-21
ART063,DEP_CIEL,4,2024-07-13
ART073,DEP_LIMAY,533,2024-11-15
ART071,DEP_GRIGNY,748,2026-04-27
ART007,DEP_CIEL,274,2025-03-25
ART086,DEP_GRIGNY,135,2019-01-01 00:00:00
ART067,DEP_CIEL,239,2026-05-26
ART069,DEP_GRIGNY,776,2025-12-11
ART005,DEP_LIMAY,114,2024-06-07
ART029,DEP_CIEL,23,2025-08-28
ART035,DEP_CIEL,762,2025-06-16
ART076,DEP_VERNOUILLET,121,2024-11-13
ART009,DEP_LIMAY,601,2025-01-12
ART099,DEP_VERNOUILLET,147,2024-06-07
ART036,DEP_LIMAY,252,2024-11-22
ART078,DEP_VERNOUILLET,550,2026-03-09
ART042,DEP_OUEST,41,2025-01-17
ART029,DEP_OUEST,247,2025-12-23
ART076,DEP_GRAULHET,-403,2024-06-18
ART027,DEP_LIMAY,266,2025-02-26
ART065,DEP_OUEST,75,2019-01-01 00:00:00
ART077,DEP_CIEL,110,2026-06-07
ART024,DEP_AVIGNON,134,2025-11-16
ART061,DEP_CIEL,513,2025-04-14
ART094,DEP_AVIGNON,424,2026-04-24
ART037,DEP_VERNOUILLET,119,2024-11-27
ART077,DEP_GRAULHET,794,2025-07-12
ART097,DEP_OUEST,579,2026-02-28
ART087,DEP_NORD,15,2026-04-19
ART007,DEP_CIEL,406,2025-02-02
ART999,DEP_AVIGNON,416,2024-10-14
ART085,DEP_LIMAY,782,2025-02-11
ART021,DEP_CIEL,210,2025-05-06
ART011,DEP_LIMAY,203,2025-07-24
ART068,DEP_NORD,343,2025-01-24
ART085,DEP_NORD,45,2026-02-28
ART003,dep_grigny,509,2024-07-13
ART014,DEP_GRAULHET,705,2025-05-04
ART078,DEP_GRIGNY,149,2025-09-09
ART057,DEP_GRIGNY,323,2025-01-27
ART999,DEP_CIEL,422,2024-11-22
ART005,DEP_LIMAY,501,2025-06-15
ART093,DEP_GRAULHET,709,2026-01-12
ART022,DEP_VERNOUILLET,318,2019-01-01 00:00:00
ART044,DEP_GRAULHET,223,2025-05-22
ART004,DEP_VERNOUILLET,181,2026-05-09
ART043,DEP_VERNOUILLET,143,2026-05-19
ART063,DEP_CIEL,298,2026-03-11
ART047,DEP_OUEST,322,2025-06-25
ART069,DEP_NORD,748,2026-01-27
ART019,DEP_GRIGNY,578,2026-04-10
ART008,DEP_AVIGNON,507,2025-04-13
ART017,DEP_LIMAY,651,2025-09-08
ART004,DEP_NORD,211,2025-12-01
ART012,dep_grigny,697,2025-08-13
ART022,DEP_NORD,39,2025-02-07
ART036,DEP_NORD,560,2025-04-02
ART057,DEP_LIMAY,396,2025-11-25
ART008,DEP_NORD,418,2025-07-29
ART017,DEP_GRIGNY,116,2025-04-21
ART069,DEP_CIEL,793,2025-10-12
ART055,DEP_OUEST,220,2025-03-17
ART096,DEP_GRIGNY,154,2026-01-19
ART082,DEP_VERNOUILLET,533,2025-10-12
ART015,DEP_CIEL,465,2024-09-04
ART008,DEP_NORD,284,2025-03-27
ART059,DEP_GRAULHET,171,2026-04-07
ART060,DEP_LIMAY,771,2024-07-31
ART024,DEP_GRIGNY,344,2025-01-22
ART087,DEP_OUEST,288,2024-06-20
ART059,DEP_OUEST,73,2025-12-07
ART086,DEP_OUEST,71,2024-08-12
ART083,DEP_CIEL,336,2026-04-14
ART045,DEP_CIEL,399,2025-03-04
ART012,DEP_OUEST,742,2024-06-29
ART071,DEP_AVIGNON,431,2025-08-09
ART026,DEP_VERNOUILLET,412,2024-11-22
ART063,DEP_GRAULHET,309,2025-05-26
ART008,DEP_OUEST,538,2024-12-20
ART073,DEP_LIMAY,9,2025-04-24
ART083,DEP_LIMAY,217,2025-02-19
ART081,DEP_GRAULHET,671,2025-11-13
ART063,DEP_GRIGNY,-232,2025-01-22
ART087,DEP_VERNOUILLET,731,2025-04-10
ART086,DEP_LIMAY,356,2025-08-18
ART011,DEP_CIEL,50,2025-10-12
ART001,DEP_OUEST,750,2025-07-02
ART052,DEP_CIEL,455,2024-07-17
ART051,DEP_GRIGNY,655,2026-04-03
ART004,DEP_VERNOUILLET,614,2025-04-20
ART005,DEP_GRIGNY,289,2025-06-24
ART021,DEP_NORD,471,2024-10-01
ART075,DEP_LIMAY,19,2024-07-23
ART069,DEP_OUEST,125,2026-05-31
ART013,DEP_CIEL,660,2024-08-03
ART003,DEP_VERNOUILLET,510,2025-11-29
ART002,DEP_AVIGNON,402,2025-02-19
ART070,DEP_LIMAY,95,2026-06-07
ART066,DEP_CIEL,581,2026-03-12
ART015,DEP_GRAULHET,791,2025-03-10
ART024,DEP_OUEST,764,2024-07-30
ART094,DEP_AVIGNON,578,2025-04-05
ART008,DEP_GRIGNY,235,2024-10-13
ART019,DEP_AVIGNON,48,2025-01-03
ART078,DEP_CIEL,38,2024-12-16
ART080,DEP_OUEST,82,2025-07-10
ART045,DEP_VERNOUILLET,443,2026-05-05
ART010,DEP_GRIGNY,454,2019-01-01 00:00:00
ART024,DEP_CIEL,137,2025-05-18
ART083,DEP_OUEST,494,2026-02-26
ART094,DEP_LIMAY,139,2025-11-12
ART010,DEP_LIMAY,325,2024-10-25
ART042,DEP_LIMAY,454,2025-04-18
ART047,DEP_GRIGNY,23,2025-02-08
ART083,DEP_CIEL,169,2025-06-05
ART072,DEP_GRIGNY,287,2025-07-05
ART004,DEP_CIEL,694,2025-05-25
ART027,DEP_AVIGNON,677,2026-02-14
ART999,DEP_AVIGNON,500,2025-06-10
ART066,DEP_NORD,178,2025-09-11
ART029,DEP_VERNOUILLET,636,2024-07-05
ART086,DEP_OUEST,80,2025-12-18
ART052,DEP_LIMAY,455,2025-08-26
ART030,DEP_NORD,594,2025-09-08
ART072,DEP_NORD,45,2025-05-31
ART026,DEP_AVIGNON,419,2025-09-20
ART042,DEP_CIEL,212,2025-11-04
ART052,DEP_GRAULHET,402,2025-09-22
ART067,DEP_GRAULHET,439,2024-10-08
ART060,DEP_CIEL,-377,2026-06-07
ART082,DEP_OUEST,598,2026-03-11
ART007,DEP_VERNOUILLET,43,2025-02-13
ART061,DEP_CIEL,660,2025-11-19
ART094,DEP_CIEL,216,2025-01-08
ART039,DEP_GRAULHET,419,2024-12-28
ART027,DEP_OUEST,346,2026-04-10
ART051,DEP_LIMAY,212,2026-03-12
ART061,DEP_GRIGNY,39,2026-04-15
ART078,dep_limay,523,2025-01-15
ART065,DEP_LIMAY,322,2025-08-31
ART035,DEP_LIMAY,756,2025-06-07
ART098,DEP_LIMAY,588,2026-06-02
ART041,DEP_AVIGNON,432,2026-05-15
ART084,DEP_GRIGNY,600,2026-03-23
ART008,DEP_GRAULHET,397,2024-06-13
ART078,DEP_LIMAY,734,2025-09-11
ART026,DEP_GRIGNY,654,2025-03-17
ART030,DEP_GRAULHET,765,2026-02-26
ART064,DEP_GRAULHET,514,2026-04-30
ART041,DEP_LIMAY,476,2025-12-31
ART100,DEP_NORD,526,2024-10-06
ART059,DEP_AVIGNON,12,2024-07-08
ART055,DEP_LIMAY,24,2026-04-06
ART086,DEP_VERNOUILLET,541,2025-04-15
ART093,DEP_CIEL,101,2025-07-08
ART077,DEP_GRAULHET,-508,2025-12-14
ART043,DEP_LIMAY,260,2025-09-24
ART053,DEP_GRAULHET,678,2025-08-07
ART075,DEP_AVIGNON,557,2019-01-01 00:00:00
ART052,DEP_AVIGNON,610,2025-07-30
ART028,DEP_LIMAY,143,2024-09-16
ART064,DEP_GRAULHET,44,2025-12-06
ART012,DEP_NORD,20,2025-02-18
ART003,DEP_OUEST,678,2025-08-28
ART073,DEP_OUEST,41,2026-01-21
ART013,DEP_LIMAY,726,2025-03-12
ART004,DEP_GRIGNY,387,2025-10-16
ART046,DEP_AVIGNON,597,2024-10-05
ART015,DEP_GRAULHET,194,2024-12-14
ART017,DEP_OUEST,0,2026-04-10
ART027,DEP_GRIGNY,65,2025-12-26
ART013,DEP_LIMAY,30,2024-09-13
ART021,DEP_OUEST,-728,2026-01-01
ART002,DEP_VERNOUILLET,717,2026-05-02
ART050,DEP_CIEL,654,2024-10-27
ART094,DEP_LIMAY,511,2024-09-22
ART007,DEP_VERNOUILLET,736,2024-12-26
ART024,DEP_CIEL,138,2024-11-09
ART058,DEP_AVIGNON,265,2025-11-09
ART006,DEP_CIEL,93,2025-01-29
ART052,DEP_CIEL,261,2025-05-13
ART054,DEP_LIMAY,141,2025-02-07
ART026,DEP_GRAULHET,673,2025-08-28
ART019,dep_avignon,650,2024-09-18
ART017,DEP_VERNOUILLET,448,2024-06-12
ART031,DEP_VERNOUILLET,708,2025-11-09
ART096,DEP_GRIGNY,183,2025-01-02
ART020,DEP_VERNOUILLET,14,2025-12-29
ART012,DEP_NORD,452,2024-12-04
ART066,DEP_GRAULHET,-38,2026-05-14
ART095,DEP_VERNOUILLET,38,2025-12-31
ART084,DEP_GRAULHET,205,2025-05-20
ART098,DEP_LIMAY,66,2025-09-04
ART076,DEP_OUEST,728,2026-04-01
ART024,DEP_OUEST,269,2025-06-19
ART043,DEP_VERNOUILLET,299,2026-02-28
ART021,DEP_GRIGNY,78,2024-08-22
ART087,DEP_OUEST,252,2025-10-22
ART047,DEP_GRAULHET,273,2024-06-16
ART068,DEP_LIMAY,718,2025-01-27
ART037,dep_ouest,-653,2025-04-26
ART084,DEP_GRAULHET,561,2024-06-14
ART013,DEP_AVIGNON,695,2025-12-12
ART050,DEP_VERNOUILLET,15,2025-10-07
ART016,DEP_OUEST,497,2024-10-18
ART033,DEP_VERNOUILLET,355,2024-07-13
ART036,DEP_CIEL,184,2025-07-05
ART065,DEP_GRIGNY,226,2025-06-12
ART055,DEP_GRIGNY,133,2024-06-20
ART999,DEP_NORD,277,2024-09-07
ART055,DEP_LIMAY,644,2026-01-08
ART056,DEP_VERNOUILLET,211,2026-05-21
ART064,DEP_NORD,575,2025-07-31
ART099,DEP_GRAULHET,461,2025-08-16
ART053,DEP_GRAULHET,-339,2025-06-05
ART019,DEP_LIMAY,682,2025-07-28
ART078,DEP_CIEL,20,2026-03-19
ART042,DEP_VERNOUILLET,79,2026-04-20
ART096,DEP_CIEL,600,2025-08-04
ART022,DEP_VERNOUILLET,696,2025-03-30
ART026,DEP_CIEL,222,2026-02-23
ART016,DEP_CIEL,376,2024-12-21
ART025,DEP_VERNOUILLET,586,2025-09-25
ART076,DEP_GRIGNY,156,2019-01-01 00:00:00
ART062,DEP_LIMAY,314,2024-06-18
ART041,DEP_AVIGNON,719,2025-08-25
ART035,DEP_GRAULHET,433,2025-08-16
ART043,DEP_AVIGNON,585,2026-04-04
ART035,DEP_AVIGNON,657,2025-08-01
ART035,DEP_CIEL,149,2024-11-26
ART013,DEP_OUEST,195,2024-12-05
ART027,DEP_VERNOUILLET,514,2019-01-01 00:00:00
ART090,DEP_NORD,53,2025-01-21
ART053,DEP_GRAULHET,-755,2024-07-05
ART006,DEP_AVIGNON,136,2024-10-20
ART073,DEP_GRIGNY,351,2025-02-08
ART052,DEP_NORD,705,2025-09-16
ART080,DEP_LIMAY,480,2025-12-28
ART033,DEP_NORD,183,2025-01-06
ART043,DEP_CIEL,567,2025-07-08
ART999,DEP_NORD,671,2025-08-31
ART067,DEP_LIMAY,290,2025-11-10
ART097,DEP_GRAULHET,782,2025-05-20
ART067,DEP_AVIGNON,213,2025-08-07
ART005,DEP_CIEL,42,2024-09-13
ART999,DEP_NORD,400,2025-09-14
ART012,DEP_AVIGNON,543,2024-12-27
ART085,DEP_CIEL,627,2025-10-13
ART023,DEP_VERNOUILLET,695,2026-02-12
ART043,DEP_GRAULHET,-69,2026-02-06
ART056,DEP_GRAULHET,752,2024-06-26
ART031,DEP_NORD,29,2024-11-30
ART078,DEP_GRIGNY,150,2025-04-16
ART090,DEP_GRIGNY,471,2025-02-16
ART002,DEP_NORD,508,2025-07-11
ART012,DEP_GRAULHET,551,2025-03-19
ART039,DEP_CIEL,170,2025-11-06
ART009,DEP_OUEST,-413,2025-12-24
ART072,DEP_AVIGNON,408,2024-11-10
ART999,DEP_OUEST,141,2025-10-16
ART999,DEP_OUEST,330,2019-01-01 00:00:00
ART010,DEP_LIMAY,730,2025-08-08
ART005,DEP_GRIGNY,621,2025-09-27
ART004,DEP_OUEST,522,2024-10-09
ART060,DEP_GRIGNY,787,2024-10-02
ART005,DEP_AVIGNON,235,2025-09-30
ART064,DEP_GRAULHET,602,2026-01-07
ART003,DEP_LIMAY,101,2024-12-18
ART022,DEP_GRAULHET,133,2025-07-19
ART013,DEP_GRIGNY,45,2026-03-18
ART058,DEP_OUEST,74,2025-08-07
ART063,DEP_AVIGNON,794,2019-01-01 00:00:00
ART005,DEP_GRAULHET,413,2025-12-14
ART066,DEP_OUEST,425,2025-07-05
ART070,DEP_OUEST,396,2025-11-17
ART091,DEP_VERNOUILLET,485,2025-06-04
ART011,DEP_CIEL,705,2024-07-19
ART022,DEP_CIEL,12,2025-08-28
ART061,DEP_GRIGNY,170,2025-04-04
ART054,DEP_OUEST,581,2026-05-21
ART036,DEP_CIEL,262,2024-08-29
ART058,DEP_NORD,-385,2025-01-13
ART083,DEP_AVIGNON,328,2025-06-03
ART053,DEP_AVIGNON,-726,2025-01-13
ART040,DEP_GRIGNY,452,2026-05-29
ART080,DEP_LIMAY,752,2025-07-31
ART019,DEP_GRAULHET,686,2026-06-06
ART024,DEP_CIEL,226,2025-08-10
ART020,DEP_LIMAY,739,2025-12-18
ART032,DEP_NORD,622,2025-07-10
ART063,DEP_GRIGNY,743,2025-08-08
ART010,DEP_NORD,568,2026-02-18
ART046,DEP_VERNOUILLET,105,2025-07-10
ART042,DEP_OUEST,547,2025-06-09
ART100,DEP_GRAULHET,625,2026-01-07
ART086,DEP_VERNOUILLET,545,2025-03-31
ART051,DEP_VERNOUILLET,-152,2026-05-06
ART079,DEP_CIEL,383,2025-08-05
ART046,DEP_CIEL,345,2025-12-14
ART004,DEP_OUEST,75,2025-10-02
ART032,DEP_OUEST,726,2024-11-12
ART999,DEP_OUEST,310,2025-11-03
ART087,DEP_VERNOUILLET,380,2024-12-06
ART089,DEP_GRIGNY,545,2025-12-31
ART018,DEP_VERNOUILLET,260,2025-03-09
ART044,DEP_CIEL,-63,2025-01-19
ART027,DEP_LIMAY,567,2024-12-12
ART999,DEP_GRIGNY,737,2025-10-04
ART086,DEP_GRIGNY,692,2024-11-25
ART089,DEP_LIMAY,355,2024-11-01
ART080,DEP_VERNOUILLET,38,2024-11-07
ART037,DEP_CIEL,749,2024-07-26
ART005,DEP_VERNOUILLET,495,2025-10-20
ART099,DEP_GRIGNY,126,2025-06-26
ART015,DEP_NORD,111,2024-09-28
ART034,DEP_GRAULHET,465,2025-02-10
ART095,DEP_AVIGNON,250,2025-06-08
ART052,DEP_GRAULHET,760,2026-02-07
ART062,DEP_VERNOUILLET,495,2026-02-04
ART057,DEP_GRAULHET,282,2025-11-22
ART084,DEP_LIMAY,55,2024-11-25
ART084,DEP_GRAULHET,618,2025-08-06
ART002,DEP_NORD,603,2025-09-21
ART085,DEP_GRIGNY,364,2025-04-25
ART055,DEP_NORD,341,2024-11-10
ART041,DEP_GRIGNY,654,2026-04-11
ART020,DEP_NORD,777,2026-01-18
ART033,DEP_GRIGNY,-74,2024-09-07
ART017,DEP_GRIGNY,584,2024-12-05
ART089,DEP_GRIGNY,642,2024-11-25
ART093,DEP_AVIGNON,76,2024-12-26
ART020,DEP_CIEL,611,2025-06-08
ART096,DEP_NORD,418,2024-07-25
ART012,DEP_CIEL,232,2025-02-10
ART055,DEP_GRIGNY,25,2024-11-01
ART057,DEP_LIMAY,338,2025-07-22
ART083,DEP_AVIGNON,255,2024-10-25
ART011,DEP_CIEL,644,2026-04-28
ART009,DEP_CIEL,570,2025-11-18
ART053,DEP_CIEL,179,2025-03-27
ART080,DEP_LIMAY,586,2024-07-08
ART058,DEP_LIMAY,339,2025-02-25
ART053,DEP_GRAULHET,25,2026-04-11
ART096,DEP_CIEL,298,2025-07-28
ART027,DEP_CIEL,-771,2024-09-20
ART060,DEP_GRIGNY,690,2025-04-22
ART032,DEP_OUEST,35,2025-07-05
ART999,DEP_OUEST,472,2024-08-18
ART038,DEP_VERNOUILLET,180,2025-07-17
ART054,DEP_GRIGNY,746,2024-11-18
ART008,DEP_AVIGNON,521,2026-04-18
ART064,DEP_LIMAY,455,2025-05-27
ART055,DEP_GRIGNY,767,2026-02-25
ART037,DEP_OUEST,153,2024-12-07
ART054,DEP_CIEL,513,2024-09-15
ART083,DEP_NORD,393,2025-05-25
ART091,DEP_VERNOUILLET,398,2025-09-04
ART024,DEP_CIEL,308,2026-04-29
ART042,DEP_NORD,1,2025-10-30
ART002,DEP_CIEL,450,2024-11-26
ART009,DEP_GRIGNY,297,2025-09-17
ART029,DEP_CIEL,647,2024-08-06
ART098,DEP_GRAULHET,284,2026-01-05
ART070,DEP_CIEL,-742,2025-06-24
ART060,DEP_LIMAY,635,2026-04-22
ART002,DEP_CIEL,578,2026-02-23
ART049,DEP_GRAULHET,613,2025-08-13
ART082,DEP_NORD,-747,2024-11-19
ART047,DEP_GRIGNY,525,2026-04-06
ART063,DEP_VERNOUILLET,-489,2024-08-19
ART085,DEP_NORD,19,2025-05-19
ART095,DEP_GRIGNY,404,2026-02-22
ART064,DEP_NORD,175,2026-04-26
ART021,DEP_NORD,226,2024-10-05
ART007,DEP_NORD,279,2024-07-18
ART046,DEP_LIMAY,245,2025-05-12
ART091,DEP_CIEL,409,2025-09-20
ART098,DEP_AVIGNON,611,2024-08-21
ART037,DEP_LIMAY,-307,2024-09-03
ART100,DEP_OUEST,221,2026-04-13
ART024,DEP_CIEL,771,2026-05-08
ART077,DEP_CIEL,656,2026-05-11
ART022,DEP_GRIGNY,406,2024-06-19
ART082,DEP_GRAULHET,233,2024-08-24
ART092,DEP_AVIGNON,-334,2024-08-15
ART022,DEP_AVIGNON,415,2025-07-01
ART007,DEP_GRIGNY,652,2025-08-10
ART074,DEP_AVIGNON,198,2025-03-23
ART042,DEP_VERNOUILLET,559,2019-01-01 00:00:00
ART076,DEP_LIMAY,48,2024-12-23
ART098,DEP_OUEST,259,2026-02-03
ART008,DEP_CIEL,111,2024-07-14
ART060,DEP_AVIGNON,-422,2025-11-23
ART093,DEP_CIEL,247,2024-10-30
ART031,DEP_LIMAY,596,2026-05-09
ART038,DEP_GRIGNY,637,2025-06-09
ART061,DEP_OUEST,335,2025-02-11
ART081,DEP_VERNOUILLET,652,2026-03-04
ART022,DEP_AVIGNON,701,2025-12-17
ART019,DEP_AVIGNON,721,2024-06-18
ART059,DEP_LIMAY,40,2025-02-21
ART007,DEP_GRIGNY,38,2019-01-01 00:00:00
ART078,DEP_GRAULHET,666,2025-11-19
ART093,DEP_OUEST,361,2025-08-20
ART037,DEP_VERNOUILLET,290,2025-03-23
ART079,DEP_LIMAY,464,2024-12-12
ART097,DEP_LIMAY,223,2024-06-28
ART051,DEP_AVIGNON,352,2024-09-03
ART087,DEP_NORD,55,2025-06-03
ART006,DEP_NORD,118,2026-02-16
ART043,DEP_LIMAY,193,2024-09-13
ART070,DEP_NORD,114,2025-10-29
ART054,DEP_GRAULHET,444,2025-11-21
ART051,DEP_CIEL,551,2019-01-01 00:00:00
ART035,DEP_GRAULHET,308,2026-05-22
ART013,DEP_GRAULHET,-647,2024-07-26
ART049,DEP_NORD,512,2025-10-20
ART010,DEP_NORD,612,2025-06-30
ART057,DEP_VERNOUILLET,512,2026-04-05
ART084,DEP_VERNOUILLET,451,2024-08-31
ART061,DEP_CIEL,787,2025-05-13
ART050,DEP_GRIGNY,121,2025-06-24
ART004,DEP_VERNOUILLET,460,2025-02-28
ART084,DEP_LIMAY,465,2025-12-11
ART085,DEP_GRIGNY,193,2019-01-01 00:00:00
ART016,DEP_AVIGNON,-427,2025-11-08
ART040,DEP_LIMAY,556,2024-09-15
ART091,DEP_CIEL,400,2024-06-25
ART035,DEP_VERNOUILLET,263,2025-11-27
ART048,DEP_LIMAY,594,2025-11-21
ART092,DEP_VERNOUILLET,208,2025-10-05
ART051,DEP_VERNOUILLET,5,2025-02-19
ART043,DEP_VERNOUILLET,627,2025-03-10
ART066,DEP_AVIGNON,597,2025-04-12
ART067,DEP_GRIGNY,518,2025-08-01
ART083,DEP_GRAULHET,661,2024-08-22
ART004,DEP_GRAULHET,219,2025-08-07
ART079,DEP_NORD,142,2025-11-20
ART076,DEP_CIEL,126,2025-08-02
ART049,DEP_VERNOUILLET,671,2025-09-18
ART099,DEP_VERNOUILLET,20,2026-06-04
ART018,DEP_VERNOUILLET,45,2025-09-06
ART008,DEP_AVIGNON,16,2026-03-13
ART039,DEP_OUEST,500,2026-02-19
ART049,DEP_VERNOUILLET,436,2024-10-04
ART041,DEP_OUEST,154,2025-12-16
ART090,DEP_OUEST,665,2024-08-01
ART031,DEP_GRIGNY,168,2019-01-01 00:00:00
ART060,DEP_VERNOUILLET,777,2024-11-20
ART005,DEP_NORD,-150,2024-10-24
ART025,DEP_LIMAY,715,2025-01-24
ART038,DEP_AVIGNON,474,2025-08-30
ART075,DEP_CIEL,287,2026-04-24
ART071,DEP_LIMAY,366,2025-02-05
ART095,DEP_AVIGNON,281,2019-01-01 00:00:00
ART062,DEP_NORD,729,2025-07-25
ART046,DEP_VERNOUILLET,300,2024-12-31
ART026,DEP_GRIGNY,319,2024-09-18
ART069,DEP_OUEST,732,2024-12-07
ART040,DEP_OUEST,790,2024-08-13
ART089,DEP_NORD,242,2019-01-01 00:00:00
ART008,DEP_LIMAY,303,2026-04-19
ART074,DEP_GRAULHET,177,2025-03-07
ART037,DEP_NORD,614,2026-01-18
ART061,DEP_AVIGNON,512,2026-02-07
ART999,DEP_NORD,514,2024-08-12
ART040,DEP_GRAULHET,244,2025-05-21
ART076,DEP_NORD,368,2025-04-18
ART092,DEP_GRAULHET,32,2025-06-29
ART999,DEP_GRAULHET,300,2025-09-26
ART004,DEP_VERNOUILLET,706,2026-01-02
ART051,dep_grigny,397,2024-07-04
ART055,DEP_GRIGNY,697,2026-01-22
ART007,DEP_GRAULHET,597,2025-05-31
ART068,DEP_CIEL,518,2024-12-31
ART018,DEP_NORD,677,2025-06-19
ART096,DEP_LIMAY,19,2019-01-01 00:00:00
ART007,DEP_VERNOUILLET,580,2025-07-17
ART062,DEP_NORD,660,2025-06-02
ART097,DEP_GRIGNY,769,2026-01-01
ART069,DEP_GRAULHET,610,2025-10-25
ART081,DEP_NORD,395,2024-10-14
ART079,DEP_LIMAY,628,2024-10-22
ART060,DEP_LIMAY,714,2024-09-01
ART034,DEP_NORD,689,2025-02-06
ART078,DEP_GRIGNY,140,2024-07-19
ART022,DEP_NORD,472,2025-11-22
ART091,DEP_CIEL,76,2026-05-16
ART078,DEP_AVIGNON,725,2025-01-02
ART052,DEP_AVIGNON,-596,2025-12-15
ART033,DEP_AVIGNON,628,2026-03-16
ART090,DEP_GRAULHET,731,2026-02-26
ART100,DEP_OUEST,44,2026-03-12
ART015,DEP_VERNOUILLET,93,2025-06-27
ART053,DEP_VERNOUILLET,335,2026-02-25
ART033,DEP_CIEL,333,2025-05-21
ART057,DEP_NORD,508,2025-08-10
ART058,DEP_NORD,376,2024-12-12
ART025,DEP_GRIGNY,204,2024-09-26
ART086,DEP_LIMAY,436,2026-03-29
ART999,DEP_AVIGNON,628,2024-09-18
ART086,DEP_GRAULHET,605,2025-12-11
ART071,DEP_GRIGNY,479,2025-01-06
ART999,DEP_CIEL,557,2024-11-10
ART077,DEP_GRIGNY,585,2024-11-07
ART004,DEP_LIMAY,181,2025-08-21
ART052,DEP_VERNOUILLET,562,2025-12-30
ART072,DEP_OUEST,379,2026-03-11
ART076,DEP_AVIGNON,588,2025-01-06
ART038,DEP_GRAULHET,422,2026-03-07
ART020,DEP_CIEL,214,2019-01-01 00:00:00
ART091,DEP_OUEST,306,2024-11-10
ART027,DEP_GRAULHET,727,2025-12-10
ART089,DEP_CIEL,63,2025-06-17
ART084,DEP_OUEST,458,2025-08-25
ART073,DEP_NORD,756,2026-04-27
ART033,DEP_NORD,298,2025-03-18
ART022,DEP_NORD,472,2026-03-17
ART022,DEP_CIEL,-740,2025-11-12
ART042,DEP_AVIGNON,546,2024-08-25
ART091,DEP_LIMAY,116,2025-09-09
ART999,DEP_LIMAY,684,2026-01-16
ART082,DEP_VERNOUILLET,239,2024-10-30
ART094,DEP_GRIGNY,375,2025-07-19
ART016,DEP_NORD,221,2026-01-27
ART061,DEP_OUEST,650,2024-12-05
ART051,DEP_CIEL,260,2026-01-03
ART011,DEP_OUEST,394,2024-06-27
ART999,DEP_LIMAY,766,2025-01-16
ART026,DEP_OUEST,584,2025-02-24
ART034,DEP_VERNOUILLET,131,2026-04-02
ART007,DEP_CIEL,339,2024-11-23
ART039,DEP_GRAULHET,497,2026-04-17
ART072,DEP_CIEL,20,2025-08-13
ART002,DEP_VERNOUILLET,350,2025-03-09
ART031,DEP_VERNOUILLET,311,2025-08-28
ART090,DEP_NORD,173,2025-02-13
ART064,DEP_AVIGNON,193,2025-07-18
ART012,DEP_GRIGNY,622,2026-03-24
ART084,DEP_CIEL,667,2025-04-23
ART041,DEP_OUEST,220,2025-12-24
ART042,DEP_OUEST,464,2025-02-18
ART074,DEP_NORD,23,2025-11-16
ART069,DEP_AVIGNON,61,2025-02-25
ART020,DEP_VERNOUILLET,450,2025-08-05
ART009,DEP_LIMAY,11,2026-01-08
ART024,DEP_OUEST,541,2024-10-02
ART075,dep_ciel,279,2026-03-26
ART002,DEP_LIMAY,418,2026-05-01
ART050,DEP_GRAULHET,158,2024-11-02
ART999,DEP_GRAULHET,-358,2025-10-10
ART095,DEP_NORD,129,2025-03-24
ART045,DEP_GRIGNY,137,2024-11-22
ART046,DEP_AVIGNON,229,2025-08-06
ART060,DEP_CIEL,535,2024-12-02
ART089,DEP_OUEST,354,2024-07-17
ART088,DEP_VERNOUILLET,477,2026-04-27
ART075,DEP_LIMAY,186,2024-11-17
ART080,DEP_OUEST,499,2024-12-14
ART052,DEP_GRIGNY,106,2025-10-12
ART087,DEP_AVIGNON,179,2026-05-21
ART032,DEP_OUEST,323,2026-04-30
ART002,DEP_VERNOUILLET,436,2019-01-01 00:00:00
ART030,DEP_GRIGNY,549,2026-06-06
ART016,DEP_GRIGNY,425,2026-01-16
ART084,DEP_GRAULHET,605,2026-06-03
ART070,DEP_LIMAY,172,2025-03-02
ART094,DEP_CIEL,247,2024-12-11
ART063,DEP_GRAULHET,183,2024-06-18
ART088,DEP_NORD,80,2024-10-19
ART070,DEP_GRIGNY,17,2025-12-26
ART095,DEP_CIEL,601,2019-01-01 00:00:00
ART094,DEP_NORD,695,2025-08-29
ART043,DEP_NORD,33,2024-09-19
ART044,DEP_NORD,398,2025-10-14
ART051,DEP_GRIGNY,0,2025-05-07
ART071,DEP_OUEST,321,2026-05-11
ART095,DEP_AVIGNON,404,2025-04-29
ART080,DEP_VERNOUILLET,358,2026-02-28
ART067,DEP_CIEL,103,2025-10-07
ART078,DEP_AVIGNON,-777,2026-01-14
ART073,DEP_CIEL,481,2025-08-05
ART019,DEP_GRAULHET,177,2025-09-13
ART051,DEP_GRIGNY,353,2026-03-17
ART097,DEP_NORD,185,2024-10-05
ART035,DEP_CIEL,431,2026-03-11
ART090,DEP_OUEST,216,2025-07-15
ART048,DEP_VERNOUILLET,231,2024-10-06
ART013,DEP_GRAULHET,267,2024-08-02
ART001,DEP_NORD,133,2026-04-03
ART095,DEP_OUEST,73,2024-10-13
ART047,DEP_CIEL,319,2026-01-09
ART073,DEP_CIEL,16,2026-05-19
ART052,DEP_CIEL,388,2025-05-06
ART091,DEP_OUEST,135,2025-01-23
ART010,DEP_LIMAY,331,2025-04-02
ART036,DEP_GRIGNY,300,2024-08-18
ART094,DEP_GRIGNY,398,2025-06-29
ART032,DEP_CIEL,168,2025-10-26
ART003,DEP_VERNOUILLET,382,2025-10-30
ART093,DEP_CIEL,547,2025-05-27
ART082,DEP_GRAULHET,491,2025-04-05
ART065,DEP_GRAULHET,354,2025-04-01
ART075,DEP_NORD,123,2025-10-06
ART023,DEP_OUEST,730,2024-06-08
ART053,DEP_NORD,675,2025-02-13
ART079,DEP_NORD,305,2026-02-27
ART062,DEP_GRIGNY,60,2026-03-28
ART999,DEP_OUEST,152,2026-03-12
ART042,DEP_AVIGNON,792,2024-07-27
ART078,DEP_AVIGNON,381,2024-12-27
ART055,DEP_AVIGNON,525,2025-10-17
ART026,DEP_GRIGNY,696,2025-10-22
ART024,DEP_NORD,496,2026-04-17
ART099,DEP_OUEST,-612,2024-09-09
ART080,DEP_GRIGNY,592,2025-01-20
ART070,DEP_VERNOUILLET,141,2025-10-30
ART098,DEP_CIEL,33,2024-09-24
ART087,DEP_LIMAY,789,2024-08-01
ART002,DEP_NORD,154,2025-07-24
ART036,DEP_LIMAY,395,2019-01-01 00:00:00
ART044,DEP_LIMAY,44,2026-01-13
ART059,DEP_GRAULHET,730,2026-04-06
ART075,DEP_OUEST,319,2025-11-08
ART086,DEP_GRIGNY,672,2025-08-09
ART032,DEP_LIMAY,288,2025-04-26
ART017,DEP_AVIGNON,43,2024-08-03
ART088,DEP_LIMAY,464,2024-12-08
ART057,DEP_OUEST,469,2025-05-17
ART007,DEP_GRAULHET,338,2025-08-06
ART062,DEP_NORD,236,2025-09-28
ART094,DEP_OUEST,594,2025-07-13
ART009,DEP_AVIGNON,193,2025-12-24
ART001,DEP_LIMAY,263,2025-03-31
ART026,DEP_OUEST,115,2024-07-01
ART087,DEP_NORD,292,2024-07-30
ART038,DEP_GRAULHET,767,2025-12-29
ART062,DEP_GRAULHET,594,2025-03-04
ART006,DEP_LIMAY,76,2024-11-22
ART080,DEP_GRIGNY,716,2019-01-01 00:00:00
ART999,DEP_OUEST,112,2025-10-08
ART063,DEP_NORD,158,2025-08-17
ART009,DEP_AVIGNON,445,2025-06-01
ART029,DEP_CIEL,505,2025-11-24
ART064,DEP_OUEST,167,2025-06-15
ART011,DEP_GRIGNY,645,2025-11-25
ART051,DEP_GRAULHET,66,2025-02-01
ART078,DEP_OUEST,105,2024-12-13
ART069,DEP_VERNOUILLET,328,2025-07-18
ART042,DEP_GRAULHET,763,2024-07-08
ART034,DEP_AVIGNON,711,2025-09-16
ART090,DEP_LIMAY,25,2024-12-01
ART100,DEP_VERNOUILLET,346,2025-05-10
ART020,DEP_NORD,-415,2024-07-02
ART062,DEP_VERNOUILLET,418,2019-01-01 00:00:00
ART026,DEP_OUEST,402,2026-05-03
ART042,DEP_OUEST,639,2025-11-24
ART034,DEP_GRAULHET,84,2025-08-12
ART049,DEP_OUEST,143,2026-06-03
ART093,DEP_NORD,419,2025-03-14
ART091,DEP_VERNOUILLET,23,2025-10-17
ART999,DEP_GRAULHET,785,2019-01-01 00:00:00
ART049,DEP_VERNOUILLET,372,2024-08-18
ART004,DEP_AVIGNON,330,2024-12-11
ART012,DEP_CIEL,496,2025-10-03
ART073,DEP_GRIGNY,313,2025-02-13
ART074,DEP_GRAULHET,76,2025-07-15
ART042,DEP_GRAULHET,506,2026-02-14
ART035,DEP_NORD,767,2025-10-23
ART063,DEP_CIEL,294,2024-09-28
ART010,DEP_CIEL,358,2026-03-01
ART098,DEP_LIMAY,-460,2025-02-23
ART022,DEP_NORD,382,2026-01-24
ART047,DEP_NORD,675,2024-07-23
ART002,DEP_OUEST,205,2025-11-22
ART023,DEP_LIMAY,77,2024-12-11
ART024,DEP_LIMAY,475,2025-10-06
ART085,DEP_OUEST,654,2025-10-12
ART042,DEP_CIEL,438,2025-08-17
ART086,DEP_CIEL,322,2024-12-26
ART031,dep_ouest,45,2025-10-15
ART092,DEP_GRAULHET,297,2026-04-24
ART080,DEP_GRAULHET,308,2026-04-17
ART048,DEP_AVIGNON,760,2024-08-14
ART046,DEP_AVIGNON,128,2026-05-22
ART100,DEP_LIMAY,60,2026-01-31
ART029,DEP_GRIGNY,249,2026-05-21
ART088,DEP_VERNOUILLET,154,2025-11-18
ART039,DEP_GRAULHET,366,2019-01-01 00:00:00
ART058,DEP_NORD,644,2025-12-26
ART028,DEP_VERNOUILLET,308,2025-05-17
ART098,DEP_AVIGNON,712,2019-01-01 00:00:00
ART032,DEP_OUEST,184,2025-02-21
ART099,DEP_GRAULHET,345,2025-08-16
ART001,DEP_GRIGNY,62,2024-10-26
ART029,DEP_VERNOUILLET,110,2025-09-18
ART066,DEP_CIEL,-378,2024-11-02
ART095,DEP_LIMAY,7,2025-04-24
ART017,DEP_CIEL,292,2025-02-09
ART073,DEP_AVIGNON,565,2024-06-23
ART057,DEP_LIMAY,-754,2024-10-25
ART023,DEP_NORD,42,2025-05-07
ART053,DEP_GRAULHET,417,2025-03-31
ART013,DEP_GRIGNY,445,2025-04-25
ART077,DEP_CIEL,78,2025-09-18
ART045,DEP_CIEL,534,2025-03-09
ART093,DEP_GRIGNY,691,2025-02-17
ART019,DEP_CIEL,778,2024-11-17
ART086,DEP_AVIGNON,454,2025-02-20
ART012,DEP_GRAULHET,196,2025-02-15
ART999,DEP_CIEL,-380,2024-10-26
ART064,DEP_NORD,495,2025-12-17
ART072,DEP_VERNOUILLET,666,2025-03-17
ART026,DEP_LIMAY,790,2025-11-01
ART013,DEP_OUEST,205,2026-05-16
ART056,DEP_OUEST,73,2025-12-13
ART048,DEP_GRIGNY,133,2025-12-02
ART067,DEP_AVIGNON,-549,2026-02-15
ART001,DEP_VERNOUILLET,70,2025-01-29
ART009,DEP_AVIGNON,611,2025-12-13
ART080,DEP_OUEST,624,2026-01-14
ART009,DEP_NORD,732,2025-09-09
ART059,DEP_VERNOUILLET,240,2026-02-05
ART064,DEP_VERNOUILLET,162,2025-05-02
ART003,DEP_OUEST,680,2024-11-21
ART040,DEP_LIMAY,469,2025-07-20
ART019,DEP_GRAULHET,579,2025-06-07
ART003,DEP_NORD,600,2024-06-15
ART999,DEP_GRIGNY,-55,2026-06-03
ART017,DEP_LIMAY,639,2025-05-29
ART032,DEP_GRIGNY,25,2024-08-28
ART054,DEP_CIEL,425,2025-03-04
ART005,DEP_AVIGNON,436,2024-09-12
ART033,DEP_AVIGNON,652,2024-09-24
ART034,DEP_GRIGNY,428,2019-01-01 00:00:00
ART010,DEP_NORD,-341,2025-11-18
ART014,DEP_GRAULHET,45,2025-11-09
ART055,DEP_LIMAY,212,2025-11-02
ART036,DEP_AVIGNON,206,2025-01-11
ART034,DEP_NORD,452,2024-12-04
ART069,DEP_GRAULHET,332,2026-05-02
